{"n":10000,"varNames":["(Intercept)","x1","x2"],"beta":[1.0196579789,2.0067387496,-0.52012485815],"se_classical":[0.022210077308,0.011658180974,0.024628039253],"se_HC0":[0.02240643924,0.011564272701,0.024644961924],"se_HC1":[0.022409800963,0.011566007732,0.0246486595]}
