{"Logit":{"beta":[0.461168693248,0.893005860665,-0.388212357601],"se_classical":[0.0206466842601,0.0234070977259,0.0208844892019],"se_HC1":[0.0206647512676,0.0237452708537,0.0205144891312],"logLik":-7049.34293229},"Probit":{"beta":[0.262817184834,0.708869922624,-0.366309979956],"se_classical":[0.0128652086374,0.0149188960577,0.0133310276602],"se_HC1":[0.00758779600923,0.00823846258941,0.00770218266564],"logLik":-6460.32346029},"PoissonFE":{"beta":[-0.379634124209,0.445847675326,-0.288580573027,0.130046148358,0.263040505978,0.269983017402,0.359422914466,0.448194573324,0.527173781106,0.688416388048,0.802790354496,0.898231754715,0.963448899082,1.04787183620],"se_classical":[0.0361443851557,0.00775270937023,0.00764704538253,0.0490367313645,0.0476907801897,0.0475031272789,0.0466671591312,0.0458309084450,0.0451682571873,0.0438892636072,0.0433625190078,0.0425916933092,0.0422681401398,0.0416402538184],"se_HC1":[0.0363724095126,0.00767487820588,0.00790032914638,0.0491518326894,0.0480167145809,0.0482185419228,0.0473522117086,0.0463968460765,0.0465636981347,0.0443855427295,0.0434826372674,0.0422627743745,0.0422376646337,0.0418897844260],"logLik":-16770.9106878}}
