{
  "WLS": {
    "beta": [1.079574351,1.897586086,-0.3804471856],
    "se_HC2": [0.01856178319,0.009609362507,0.02021524174],
    "se_HC3": [0.01856639389,0.009612158017,0.02021885347],
    "se_clustered": [0.01833476115,0.009301911613,0.02108507809],
    "se_twoway": [0.01782581697,0.009948120350,0.01813503113],
    "se_HAC": [0.01811053083,0.009525538442,0.01988404441]
  },
  "IV": {
    "beta": [0.7967104096,2.180174943,-0.5832901906],
    "se_HC2": [0.009673024554,0.008734256784,0.009199940668],
    "se_HC3": [0.009674305141,0.008736020816,0.009201790852],
    "se_clustered": [0.01014904009,0.008752468878,0.009610232300],
    "se_twoway": [0.007616061089,0.009509814350,0.008605898315],
    "se_HAC": [0.009629518499,0.008545689030,0.009340190593]
  },
  "LIML": {
    "beta": [0.7967233159,-0.5832901142,2.180137354],
    "kappa": 1.000091858,
    "se_HC0": [0.01029755318,0.009198288015,0.01323822839],
    "se_HC1": [0.01029884062,0.009199438017,0.01323988348],
    "se_clustered": [0.01643745049,0.009611276929,0.03899559899],
    "se_HAC": [0.01109353052,0.009340454634,0.01806306484]
  },
  "L_HAC": 11
}
