{"beta":[0.98725565,1.97914122,-0.48614267,0.00486913,0.70860953,-0.28412579],"varNames":["(Intercept)","x1","x2","countryES","countryFR","countryIT"],"se_classical":[0.01704169,0.00845071,0.00848517,0.02409631,0.02402007,0.02404052],"se_HC0":[0.01707931,0.0119609,0.0084415,0.02415394,0.0240307,0.02402243],"se_HC1":[0.01708034,0.01196162,0.008442,0.02415539,0.02403215,0.02402387],"se_HC2":[0.01708051,0.01196202,0.00844225,0.02415564,0.02403238,0.0240241],"se_HC3":[0.01708171,0.01196313,0.008443,0.02415735,0.02403405,0.02402577],"bp":1.37555695,"dw":2.01010003,"jb":4930.09751193}
