{
  "DiD2x2": {
    "beta": [1.10381340841569, 0.00485829245515, 0.07772710865754, 0.45824465910546, 0.16559508252155],
    "se_classical": [0.1384181142989, 0.1957168867814, 0.1959218255964, 0.2777457732835, 0.0685495770553],
    "se_HC1": [0.1320131530371, 0.1892583557159, 0.1926522324240, 0.2779854101985, 0.0713190894401]
  },
  "TWFEDiD": {
    "beta": [0.468452610184, 0.187746253870],
    "se_classical": [0.0471431226400, 0.0118370467451],
    "se_HC1": [0.0458789250236, 0.0129854040751]
  },
  "EventStudy": {
    "beta": [-0.2287588865103, -0.0195852892484, 0.4657370412967, 0.5911506688102, 0.4330829378005, 0.4098930605566, -0.0251267047145, 0.3950768029278, 0.1871616514210],
    "se_classical": [0.1483852093103, 0.1483958372270, 0.1483896703822, 0.1483335621653, 0.1483436853775, 0.1483694426017, 0.1132920280240, 0.1121288707321, 0.0118615544047],
    "se_HC1": [0.1397522872811, 0.1360099554579, 0.1393496030020, 0.1335346552798, 0.1483047492212, 0.1383252869512, 0.1026914281676, 0.1007079925913, 0.0130231910379],
    "event_terms": ["es_m3", "es_m2", "es_p0", "es_p1", "es_p2", "es_p3", "es_pre_bin", "es_post_bin", "x1"]
  }
}
