{"n":10000,"varNames":["(Intercept)","x1","x2"],"beta":[0.98674093818,1.9882575176,-0.48872424467],"se_classical":[0.011205749515,0.010110966274,0.01006874068],"se_HC0":[0.011239259876,0.010012858271,0.010160073826],"se_HC1":[0.011240946144,0.010014360538,0.01016159818],"firstStageF_x1":4848.1623985119}
