{
  "manual_h": 0.55,
  "ik_h": 0.533088778567,
  "SharpRDD": {
    "beta": [1.106643036023, 0.874527114251, 0.673885606503, 0.131709117514],
    "se_classical": [0.0215476990593, 0.0301163250027, 0.0956400423992, 0.1341310783779],
    "se_HC1": [0.0179293885355, 0.0254135201784, 0.0668519945317, 0.0942676956091],
    "late": 0.874527114251,
    "lateSE_classical": 0.0301163250027,
    "lateSE_HC1": 0.0254135201784
  },
  "FuzzyRDD": {
    "late": 1.26515602165,
    "lateSE_classical": 0.0661355472969,
    "lateSE_HC1": 0.0584861676173,
    "firstStageJumpD": 0.629747429357,
    "reducedFormJump": 0.796728752368
  },
  "McCrary": {
    "theta": 0.0820211018756,
    "thetaSE": 0.0292195115522,
    "zStat": 2.80706615267,
    "pVal": 0.00499961919498,
    "h": 0.299990763981,
    "bw": 0.0740717935755,
    "nBins": 27
  }
}
