{"n":10000,"varNames":["(Intercept)","x1","x2"],"liml_beta":[0.99693395636,1.985194882,-0.51008253152],"liml_se":[0.011235156908,0.010165900485,0.010108418682],"liml_kappa":1.0000009537,"gmm_beta":[0.99692410306,1.985188588,-0.51007722741],"gmm_se":[0.01116094738,0.010059837742,0.010131878315],"gmm_jStat":0.009558422322,"gmm_jPval":0.92211716566,"gmm_jDf":1}
