{"beta":[1.02022038,1.98671819,-0.49918372],"varNames":["(Intercept)","x1","x2"],"se_clustered":[0.08494796,0.02950244,0.02503684],"se_twoway":[0.08383543,0.03150603,0.02633616],"se_hac":[0.04843716,0.030567,0.02347831],"L_hac":11,"white_stat":864.97862034,"white_df":5,"bg_stat":2782.99793118,"bg_df":1}
