{
  "meta": {"source": "R clubSandwich 0.7.0 vcovCR, generated by clusterRobustRValidation.R", "rVersion": "4.4.1"},
  "balanced": {
    "k": 3, "nClusters": 20, "n": 160,
    "coef": [0.810303712006,0.736460617924,0.358888489518,0.794503138900],
    "CR1S": [0.244195446900,0.133399389117,0.088326949073,0.108116789007],
    "CR2": [0.243619214042,0.135041277324,0.090195032591,0.108357363346],
    "CR3": [0.251791239221,0.141655606341,0.095504644180,0.112521581726]
  },
  "small": {
    "k": 2, "nClusters": 8, "n": 32,
    "coef": [1.430000830199,-0.154470641448,0.487931829625],
    "CR1S": [0.426879610242,0.293628672125,0.377671067389],
    "CR2": [0.428804828591,0.341510372610,0.406465027248],
    "CR3": [0.479977086278,0.450553519987,0.485963731724]
  },
  "uneven": {
    "k": 2, "nClusters": 13, "n": 130,
    "coef": [1.427872425464,0.751542385219,0.696009006140],
    "CR1S": [0.392079093618,0.141191655670,0.150558662433],
    "CR2": [0.391484672870,0.144616544357,0.154298119184],
    "CR3": [0.410177020665,0.155564773889,0.165916307570]
  }
}
