{
  "kde2d": {
    "bandwidth": 500,
    "densities": [
      5.94890080732e-7,
      6.04911234944e-7,
      5.94892546838e-7,
      6.09388267257e-7,
      6.19310136188e-7,
      6.08703667749e-7,
      5.95524563467e-7,
      6.04901647623e-7,
      5.94216595817e-7
    ],
    "coords": [
      [-58.401016, -34.601977],
      [-58.400008, -34.601988],
      [-58.399, -34.602],
      [-58.401, -34.600983],
      [-58.399992, -34.600994],
      [-58.398983, -34.601006],
      [-58.400983, -34.599989],
      [-58.399975, -34.6],
      [-58.398967, -34.600012]
    ]
  },
  "colorScale": {
    "numeric": { "type": "numeric-discrete", "values": [1, 2, 3] },
    "categorical": { "type": "categorical", "cats": ["north", "south"] }
  }
}
