{"meta":{"source":"R fixest, generated by panelNwayFeRValidation.R"},"two_way_independent":{"coef":[0.45381617447,-0.27341285926],"se":[0.067932797307,0.06770938855],"df":226,"nobs":240},"three_way_independent":{"coef":[0.46099855103,-0.27727475608],"se":[0.068488007018,0.068400628866],"df":221,"nobs":240},"nested_state_stateyear":{"coef":[0.43834789186,-0.29885765091],"se":[0.080838533298,0.080858901809],"df":183,"nobs":240}}
