{
  "case1": {
    "sunab": {
      "k": [-3, -2, 0, 1, 2, 3, 4],
      "beta": [0.1701339716022, 0.1441584851989, -0.2837216712359, 0.7396671961948, 0.5726131115308, 0.1615893454197, 0.6472938760639],
      "se": [0.3336480172215, 0.3878252225785, 0.3119608232954, 0.3054306354165, 0.4248732899722, 0.350395783726, 0.3256992241027]
    },
    "twfe": {
      "k": [-3, -2, 0, 1, 2, 3, 4],
      "beta": [0.1701339716022, 0.1441584851989, -0.2837216712359, 0.7396671961948, 0.5726131115308, 0.1615893454197, 0.6472938760639],
      "se": [0.3336480172215, 0.3878252225785, 0.3119608232954, 0.3054306354165, 0.4248732899722, 0.350395783726, 0.3256992241027]
    },
    "n": 240
  },
  "case2": {
    "sunab": {
      "k": [-5, -4, -3, -2, 0, 1, 2, 3, 4, 5, 6],
      "beta": [-0.01372649733255, 0.2687411427335, 0.0687357782701, 0.3751680413221, 0.530210782046, 0.4554030197158, 0.7812679425083, 0.7807043694319, 0.4910247546987, 1.335208664823, 1.228665416916],
      "se": [0.4009475660867, 0.3884224557063, 0.2426058568731, 0.2953271866969, 0.3052506288438, 0.2009474520378, 0.2639051161522, 0.2761081622441, 0.2590127970104, 0.2762987164997, 0.2291289509554]
    },
    "n": 450
  }
}
